index	concepts	reference
319	give, room, presentation	the boy gave his presentation in the room
164	lady, lift, weight	The lady lifts up the weight.
430	snake, drape, shoulder	The snake is draped over the man's shoulders.
462	piece, fold, paper, step, explain	The steps explained how to fold a piece of paper.
274	lift, barbell, head, ground	A man lifts a barbell over his head and then drops it to the ground.
62	smooth, concrete, pour, worker	The worker will pour and smooth concrete to make a sidewalk.
125	spray, wall, graffiti	graffiti sprayed on the wall
469	grass, stand, spray, hose, water	The man stands in yard in the evenings spraying water on the grass with the a hose.
330	shot, game, player	cricket player plays a shot during game .
135	house, clean, gutter, ladder, climb	The man will climb a ladder to clean the gutter on the house.
119	line, sit, bench, kid, ride	A kid sits on a bench while the kid waits in line to go on a ride at the fair.
186	drum, stick, sit, hit, cymbal	In a drum set you sit and hit the cymbal with the stick.
94	couch, television, watch, sit	Two boys sit on the couch watching television.
21	sit, floor, clothe, fold	The girl sits on the floor to fold the clothes.
93	hand, pocket, stand	The boy has his hands in his pocket as he stands at he bus stop.
193	bicycle, walk, street, ride	People walking and riding bicycles in a street.
67	cart, road, ride	the couple took a ride down the road in their cart
248	walk, toddler, toy, room, hold	The toddler walked into the room holding his toy.
39	watch, jump, track, hurdle	I watch the girl while she jumps over hurdles on the track.
61	water, wear, goggle, swim, pool	The man wanted to wear his goggles while swimming in the salt water pool.
220	top, walk, dog	The child will walk to the top of the hill with his dog.
172	floor, water, goldfish, look, kid	The kid looked over at the water on the floor left behind from the goldfish he knocked over.
487	spatula, pan, stir, food, fry	A woman fries food in a pan and stirs with a spatula.
27	sit, walk, bench, park, dog	The man will take a walk to the park with his dog, and sit on the bench to watch the ducks.
258	sit, cellphone, step, talk, lady	A pretty lady uses her cellphone to sit and talk on the step.
313	sit, bed, foot	He sat at the foot of the bed.
500	carry, walk, purse, front, building	The woman carrying her purse walked in front of the building.
394	press, hand, hold, button, control	Hold the control button in hand and be ready to press.
105	picture, stop, take	The man stopped to take a picture.
23	line, sit, bench, kid, ride	People wait in line for a ride while kids sit on bench.
295	fish, water, catch, pull	To catch a fish from the water, he must pull hard on the fishing rod.
170	kid, knife, throw, pumpkin	The kid wanted to throw the knife at the orange pumpkin
395	drum, stick, sit, hit, cymbal	A man sits and uses drum sticks to hit drums and cymbals.
495	hair, fix, mirror	The woman fixed her hair whilst looking in the mirror.
411	horse, fence, area, ride	The area near the woods has a little fence with a horse in it. People love to ride this horse.
120	target, axe, hit, throw	She threw the axe and hit her target.
473	wear, hand, open, oyster, glove	The man wore a glove on his hand to open the oyster.
163	sit, bowl, eat, chair, food	The boy sits in his chair and eats the food in his bowl.
241	wear, short, room	A boy wearing shorts is dancing inside a room.
470	take, bottle, sip	He hands the bottle to someone who takes a sip as well.
58	cart, store, push, help, toddler	The toddler tried to help push the cart around the store.
479	run, jump, pile	A man runs and then jumps into a pile of sand.
73	oxidation, treat, juice, prevent, fruit	Drinking oxidation fruit juice can help prevent or treat a common cold.
435	pool, slide, slide, water	Children at the pool had fun sliding down the slide and splashing into the water.
126	hold, smile, sit	Sit there and hold that smile while I take your picture.
466	stair, jump, flight	A boy jumps up a flight of stairs taking two at a time.
370	target, throw, axis, wall	The man adjusts the trebuchet, increasing its weight, along the Y axis so the rocks would smash into its target, throwing heavy stones at the wall, collapsing it.
436	bank, stand, cast, water, line	Person standing in water by a bank and cast his fishing line.
399	stand, hat, front, jacket, wear	The man wears a green hat and jacket while standing in front of a mountain.
507	swimmer, swim, lane	The swimmer can swim in his lane.
360	run, watch, track, pit	The man set in the pit and watched the people run around the track.
205	team, perform, routine	The team was performing their routine training.
103	target, axe, hit, throw	The man can throw an axe and hit the target.
182	umbrella, wear, hold, street, coat	A man wearing a coat walks down a street holding an umbrella.
427	player, horse, field, mallet, ride	At the polo field, a polo player was riding a horse and using a mallet.
485	wall, stand, climb	The woman climbed the rock wall as the man was standing below.
17	walk, hold, phone	an Amish man walking holding a cell phone
285	ball, run, fall, catch, ground	The boy runs to catch the ball before it falls on the ground.
365	cut, pumpkin, knife, top	A woman used a knife to cut the top off the pumpkin.
204	ride, wear, hat, horse	A man wears a hat while the man rides a horse.
449	soap, rub, hand	Rub the soap in your hand.
251	air, climb, rope, ball, throw	The girls task was to climb up the rope, and throw the ball through the air.
145	team, game, engage	the team engaged in the game with confidence
452	design, piece, burn, wood, tool	I will burn you with a tool with a design of a piece of wood on it.
134	shuffle, deck, card, hold, hand	The man shuffles the deck of cards, then deals five cards and holds them in his hand.
52	knife, hand, hold	A woman holds a knife in her right hand to maintain a good grip.
114	shoe, tie, demonstrate, lace	The teacher demonstrated how to tie a shoe with laces.
484	team, field, player, walk	The entire team ran out onto the field except one player, he decided to walk.
499	run, hurdle, track, leap, athlete	The athlete runs through the track, leaping and hurdling over obstacles.
104	tap, table, beat, pen	A person taps a beat on a table using pens.
168	pineapple, cut, knife, music, background	She cut a pineapple with a knife, while music played in the background.
284	knock, scooter, punch, ride, bag	A boy knocks on door but on the way back he punches a bag and rides away with a scooter.
1	paint, worker, wall	The worker painted the wall alone using the blow sprayer.
18	pick, tree, bag, apple	A person was picking apples from a tree and putting them into their bag.
33	graffiti, paint, building, side	A girl paints graffiti on the side of a building
42	stand, solve, eye, close, cube	He decided to stand close to me while he tried to solve the rubix cube with one eye closed.
72	ride, road, motorcycle, helmet	Wear a helmet when you ride the motorcycle on the road
115	river, paddle, raft	A girl paddles a raft down a river.
116	tire, fix, bike	The woman was using a wrench to remove the tire and fix her bike.
166	prepare, kitchen, dish	A chef in a kitchen preparing a dish
223	shoot, turn, net, take, ball	I take the ball, turn, and shoot into the back of the net.
229	machine, bottle, liquid, fill	The machine fills the bottle with liquid.
235	body, raft, water	an elephant on a raft in a body of water
259	listen, music, exercise	I love to listen to music as i exercise everyday.
260	bed, blanket, lay	I laid the blanket on the bed.
266	take, dog, owner, walk	The dog takes his owner on a walk.
288	surfer, surfboard, ride, ocean, wave	The surfer rode her surfboard on the ocean waves.
325	smile, cigarette, smoke	The woman smiles whilst smoking a cigarette.S
331	sit, cat, floor	The cat is sitting on the floor.
344	dance, kid, music, sunglass, car	Kid sitting in a car with sunglasses on doing a dance to loud music.
347	shake, hand, line, team	The teams line up and shake hands.
362	canoe, body, water	The canoe floated in the body of water.
371	use, comb, hair	A girl uses to comb her hair.
390	music, treadmill, run	The girl plays music as she runs on the treadmill.
407	trampoline, air, jump	Jump on the trampoline and fly in the air.
423	body, water, ski, ride	The child hurt his body on a water ski ride.
458	sle, snow, dog, pull	He ran with the dog in the snow as he let it pull the sle.
483	race, swimmer, lane	Female swimmers are getting ready in their lanes to race.
498	tree, look, climb	as he climbed up the tree, he looked down in fear
511	grass, run, dog, wear	The dog that ran across the grass did not wear a lead.
200	car, front, road, pedestrian, drive	The car was driven on the front road while the pedestrians were waiting to cross the road.
504	fish, catch, land, bird, water	The bird catches the fish as it flies from the land to the water.
341	shirt, wear, read, book	The boy pulled off the too warm shirt his mother had insisted he wear that day throwing it to the floor as he fell back in his chair excited to read the new book he bought.
242	pineapple, cut, knife, music, background	I used a knife to cut the pineapple while music played in the background.
453	flip, mat, gymnast	The gymnast did a flip on the mat.
253	open, use, box, key, attach	The box had a key attached to it for the man to open and use the contents as directed.
384	practice, goal, goalie, move, protect	A goalie moves backwards in a football practice to protect his net from goal.
301	instruction, give, tie, tie	He likes to give instructions to he's son to tie he's tie.
191	track, dog, run, chase	Three dogs running on a racing track chasing a rabbit.
139	use, clipper, head, hair, shave	They use clippers to shave their hair on their heads.
90	sit, helmet, motorcycle, wear	The retired man dreamed of riding a motorcycle, as he sat on the display being told to wear a helmet.
188	player, team, game, watch	The team cheered on the players as they were watching the game.
432	hold, stand, court	All people are to stand as the judge enters to hold court.
505	ball, hit, side, watch, continue	I continue to hit the ball as I watch the kids playing tag from the side of the park.
136	shake, hand, line, team	A team of guys stand in a line and do a group hand shake.
337	sit, toy, hand, chair	The woman's hand grabbed the toy as she was sitting down in the chair.
71	leg, sit, floor	The person's leg touched the floor when he sat down.
175	street, cart, push, walk	The man will walk down the street and push his cart.
368	foot, chair, sit, wash	The manicurist had the client sit down in the chair so she could wash her foot.
178	look, distance, stand	If you stand here and look the farthest distance you can, past the mountain, you will see the flying eagle.
279	sit, glove, pierce, ear, wear	When a person gets their ears pierced, they sit in a chair and a professional wearing gloves prepares them.
78	game, clip, follow, number, graphic	The clip that follows the game includes a graphic and a number.
101	street, car, drive, line, line	A man drives his car down the street between the yellow center line and the white side line.
121	snow, pull, sle, team, dog	The dogs pulls for a snow sled team.
477	beer, bar, drink, sit	The bar had cold beer, so we decided to sit and have a drink
247	dog, frisbee, run, field	A dog runs across a field with a frisbee.
8	stage, give, speech	A man on a stage giving a speech.
387	talk, ear, phone, hold	The man held his phone up to his ear so that he could hear the important phone call and who he was trying to talk to.
0	building, wash, washer, window, hang	The woman washes the clothes in the washer and then hangs them out the window over the side of the building to dry.
2	stand, front, report, screen, give	At the front of a room, a man gives a report while standing in front of a screen.
3	horse, rodeo, ride, calf, rope	At a rodeo a man is riding a horse and roping a calf.
4	boat, water, carry	The large boat carried items or water.
5	bottle, hold, shirt	A man in a patterned shirt holds a beer bottle.
6	hit, stick, field, ball	The girl in the field hit the ball with a stick
7	bounce, ball, court, hand	The hand ball will bounce on the court.
9	eat, meal, prepare	People preparing to eat a meal.
10	snow, stand, dog, look	Her dog likes to stand and look in the snow.
11	sit, glove, pierce, ear, wear	The woman who pierces ears should wear protective gloves and have the person sit when piercing ears..
12	game, team, win, celebrate	The team celebrates after winning the game.
13	tourist, building, take, picture	Tourist taken pictures at a building in China.
14	glass, take, put	She took the glass and put it on the table.
15	stand, leave, tree, sun, shine	a person stands beside a tree with the sun shining through its leaves
16	deal, card, table, dealer, chip	A girl goes up to a poker table and asks the dealer to deal the girl some cards and give the girl some chips too.
19	sit, look, hair	When you sit in front of the mirror you can look at your hair.
20	car, night, push, street	two people push a car down a quiet street at night
22	swim, gear, water, wear	The man needed to wear he's swimming gear to swim in the water.
24	baseball, team, field	Two teams play baseball in a field.
25	kid, knife, throw, pumpkin	The kid can throw a knife at the pumpkin.
26	bottle, hold, shirt	A man wraps a bottle with his shirt in order to get a better hold on it.
28	gym, rope, sit, exercise, ball	The girl sits on the ball and grabs the rope to exercise at the gym.
29	wear, cook, meat, shirt, grill	You should wear a shirt while cooking meat on the grill.
30	goal, score, field	The man score a field goal for a win.
31	smile, talk, sit	Closeup of two men sitting in a room, smiling and talking.
32	crowd, ride, horse, watch	The crowd will watch the man ride a horse.
34	driveway, tricycle, ride	The man rode the tricycle into his driveway.
35	teacher, stand, front, class, move	A teacher is standing up in front of his class making robotic moves.
36	wear, vehicle, ride	When riding this vehicle, you must wear a helmet.
37	spaghetti, plate, eat	They eat a plate of spaghetti together.
38	headphone, wear, watch	A person is watching a TV screen and wearing headphones.
40	knock, lane, throw, pin, ball	At a bowling lane a ball is thrown and knocks down all the pins.
41	ball, hit, take, turn	The children took turns hitting the ball with the bat.
43	fish, catch, land, bird, water	From land, I try to catch birds, and from the water I catch fish.
44	listen, talk, sit	The man told the boy to sit down and listen to him talk.
45	wall, throw, board, dart	A man threw a dart at the board on the wall.
46	serve, ball, tennis	A man serves the ball in tennis.
47	wave, board, fall, surfer	The surfer that rode the wave on its board could fall anytime.
48	score, goal, ball	The team scored a point by putting the ball in the goal
49	smile, cigarette, smoke	They smile as someone smokes her cigarette.
50	raise, stand, mountain, arm, top	Standing on top of the mountain, the girl raised their arms up in the air.
51	hand, stand, fold	I will stand as i use my hands to fold the clothes.
53	knife, hand, hold	hand holding a bloody knife .
54	street, side, car	A car was parked on the side of the street.
55	shore, boat, paddle	The lady on the boat paddled to go to the shore.
56	spray, water, car	He sprays water on the car.
57	saw, piece, cut, lumber	The saw will cut a piece of lumber.
59	swing, hit, ball, course, club	The man swings a golf club, hitting the ball down the course.
60	ski, pull, rope, boat, hold	People water ski holding a ski ropes that are pulled by a boat.
63	walk, dog, ride	A dog is playing while his owner is walking next to a woman riding a bike
64	use, gutter, stand, roof, clean	The woman was hired to clean the gutter people use every day. A bird can stand on a roof and sing for a long time..
65	court, pass, ball	A man walks off the court passing a ball.
66	stand, hold, shovel, snow	Man standing in snow holding a snow shovel.
68	pool, hold, jump, hand	A group of teenage girls hold hands as they jump into the pool.
69	paper, fold, take, piece	Taking the folded - up piece of paper from someone, someone sets off.
70	balloon, couch, blow, sit	I am going to sit on the couch while I blow up some balloons.
74	water, edge, jump, cliff, stand	A man is standing at the edge of a steep cliff above the water and then jumps off.
75	jump, house, trampoline	house jump trampoline is on the yard
76	climb, wall, talk	The man talked about how to climb walls.
77	lane, swim, cheer, pool	The swim team will cheer for the person in the pool lane.
79	view, ocean, boat	The view of the ocean on the tiny boat was amazing.
80	plate, sit, food	The boy sat and picked at the food on his plate.
81	hit, turn, ball	When it was the baseball players turn at bat, he hit the ball.
82	ladder, roof, climb, dog, follow	The dog attempts to climb the ladder to follow the man onto the roof.
83	bridesmaid, receive, help, wear, dress	The bridesmaid needs help wearing the dress she received.
84	sit, floor, tie, shoe	The girl will sit on the floor when she ties her shoe.
85	hold, stand, front, hand	A man stands and holds his hands out in front of him.
86	cut, meat, kitchen	A man cuts meat in a kitchen.
87	worker, shovel, examine, hold, field	The worker held his shovel whole he examined the field.
88	peeler, peel, demonstrate, drill, apple	During the drill the teacher demonstrated how to peel an apple using a peeler.
89	water, hold, look, hand, beach	Look at the height of the water waves in the beach it is high ,hold your hands to firm object nearby.
91	food, hand, eat, bird	A small bird eats food from someone's hand.
92	climb, building, rope	This building is decaying, therefore the girl may need a rope to climb to the top.
95	smoke, blow, sit	I will sit with my cigar in hand and blow smoke for pleasure.
96	kid, baseball, field	kids are playing baseball in a field.
97	wash, hand, faucet	A child turns on sink faucet, washes hands while singing.
98	eat, hand, spaghetti, sit	The special boy would sit in his highchair and eat spaghetti with his left hand, never using a fork.
99	wear, suit, ocean	A young boy wears a bathing suit at the ocean.
100	track, winter, family, walk, dog	The family walks with the dog around the track during the winter.
102	couple, skateboard, road, ride	The couple rides their skateboards on the road.
106	highchair, feed, sit	I sit on the bench and feed my child in the highchair.
107	fire, juggle, stick, crowd, watch	The crowd gathered to watch the man juggle sticks with fire on either end of them.
108	floor, broom, sweep, hold	One child was holding the broom with a firm grip as he swept the floor.
109	stand, rock, water, body	A bird standing on a large rock in a body of water.
110	wall, wear, shirt, climb	A child wearing a shirt climbing up a wall.
111	pineapple, cut, knife, music, background	A person is cutting a pineapple by using a knife and there is music in the background.
112	gun, head, point	A criminal points a gun at a victim's head.
113	bench, take, break, sit	The woman takes a break and sits on the bench.
117	stage, light, flash, perform	The lights flash while the actors perform on the stage.
118	sit, stretch, arm	A girl sat on the couch with her arms stretched towards the ceiling.
122	trim, top, ladder, hedge	A man on a ladder trimming the tops of tall hedges.
123	wear, suit, mountain, climb, look	The man would look silly wearing a suit to climb up a mountain.
124	shore, boat, paddle	Sally paddles the boat to the shore.
127	listen, talk, sit	The person was sitting and listening to someone talk.
128	bag, street, carry, wear, walk	The man wears a jacket as he walks down the street and carries a bag.
129	vomit, cup, drink, take, drink	She took a drink from the cup then vomited in the sink
130	hand, wash, turn	We need to wash our hands after we turn he screw driver.
131	racket, ball, hold, room, hit	The men walk around the room holding tennis rackets and hitting a ball.
132	student, instructor, teach	An instructor teaches the students.
133	attempt, piece, floor, fold, clothing	A small girl is sitting on a floor, attempting to fold a piece of clothing.
137	ball, hold, throw, bat	The pitchers throws the ball at the man who holds the bat.
138	machine, garment, sew	A man using a sewing machine to create garments.
140	snow, shovel, ground	The boy used a shovel to remove the snow from the ground.
141	toss, kid, ball	Two kids are tossing a ball.
142	perform, dress, stage	The girl put on a dress before performing on stage.
143	use, scrub, brush, shoe	The woman decides to use a brush to scrub her shoe.
144	sit, floor, clothe, fold	The mother told her son to sit on the floor and fold the clothe.
146	kid, knife, throw, pumpkin	A little kid is shown throwing a knife at a pumpkin.
147	head, drop, ground, lift, barbell	A man lifts a barbell over his head and then drops it to the ground.
148	listen, weight, lift, music	Listen to music while weight lifts.
149	head, drop, ground, lift, barbell	A weightlifter lifts a heavy barbell over the weightlifter’s head and then drops the barbell on the ground.
150	spray, water, car	The man sprayed the car with water.
151	piece, drill, hole, drill, wood	He used the drill to drill a hole into a piece of wood.
152	athlete, prepare, run	The athlete prepares to run the race.
153	lady, cut, hair	The lady cut my hair for donation.
154	clap, hand, floor, sit	As we sat in our seats the cast came out on the floor and we clapped our hands.
155	wait, bench, bus, sit	The man sat on the bench waiting for the bus.
156	beam, routine, begin, jump, perform	He jumps up on a beam and begins performing a routine.
157	stand, wave, ride	He stands on he's board while riding the wave.
158	head, walk, shake	He shakes his head, then walks out.
159	face, wash, bathroom	A woman washes her face in the bathroom.
160	clip, hold, cat	The owner held the cat in order to clip the cat's claws.
161	leg, shave, watch	A girl watches her mother shave her legs.
162	field, throw, kid, bunch, ball	The kid threw a bunch of balls in the field.
165	mother, sit, chair	A mother sitting on a chair holding her kitten.
167	calf, lasso, cowboy	The Cowboy used a lasso to capture the escaped calf.
169	swim, gear, water, wear	It is important to wear the correct gear when going for a swim in water.
171	cliff, jump, top	jump the cliff from the top
173	hair, leg, wax, remove	The woman visited a spa, where she had a wax treatment to remove the hair from her leg.
174	policeman, traffic, direct	A policeman is directing traffic.
176	lift, barbell, head, ground	As i lift the barbell over my head I keep my feet on the ground.
177	use, clipper, head, hair, shave	A man uses clippers to shave the hair off his own head.
179	catch, fish, hole	The catch of he day was a big fish i caught at my favorite fishing hole.
180	create, pottery, wheel	Create pottery with a wheel and clay.
181	face, wash, bathroom	A boy washes his face in the bathroom.
183	horse, ride, animal, lasso, catch	I went to a farm with animals, and while i was there i saw a guy catch a horse with a lasso and then ride it.
184	sit, chair, shoe, shine	A man sitting in a chair getting his shoes shined.
185	chess, piece, game, move	player can move piece forward or across in chess game
187	kitchen, sit, table	The woman sits at the table in her kitchen.
189	book, toddler, look	The toddler looks at the book.
190	score, goal, team, player	A player scores a goal for his team.
192	skateboarder, jump, ramp, wear, shirt	The young skateboarder was wearing a red shirt when he jumped on the ramp and won the competition.
194	bench, talk, sit, phone	Let's sit down on the bench and talk about our phones.
195	laugh, sit, paper, rip, piece	The student laughed when the piece of paper ripped when sitting down.
196	team, field, player, walk	The soccer team walked the hurt player off the field.
197	face, climb, rope	The man will use the rope to climb the face of the mountain.
198	game, dog, walk, fireplace, table	The dog walks from the fireplace to the table as the family plays the game.
199	food, hand, eat, bird	The bird will eat food out of the woman's hand.
201	track, winter, family, walk, dog	Large happy family walking down railroad tracks with two dogs in the winter.
202	wrap, box, paper, table	She wrapped a paper box on the table.
203	crowd, ride, horse, watch	The crowd watches as the horse rides by.
206	fall, ground, jump	A man jumps a ramp and falls to the ground.
207	game, score, player	The player keeps track of his score during the game.
208	shake, hand, line, team	The soccer team forms a line to shake hands at the end of the game.
209	front, dance, routine, perform	The girl performed her dance routine in front of the audience.
210	basketball, crowd, front	We sat in the front of the crowd to watch basketball.
211	hand, hold, fork, eat, spaghetti	One sometimes eats spaghetti with a fork while holding a spoon in the other hand.
212	toy, carry, walk, dog, mouth	The dog walked carrying a toy in its mouth.
213	ride, road, motorcycle, helmet	A man in a helmet riding a motorcycle on a dirt road.
214	rock, stand, water, skip, body	If you stand your body at the right angle, you can skip rocks across water.
215	wood, forest, cut	The man cuts wood in the forest.
216	leg, wax, chair, sit	I sit on a chair while I wax my leg.
217	look, store, item	He looks for a specific item at the store, but can not find it.
218	tap, table, beat, pen	A toddler beat and tapped his pen on the paper that was on the table.
219	branch, stand, tree	I am going to stand on a tree branch.
221	paper, fold, instruction, give	The student is to fold the instruction paper and give it to the teacher.
222	pull, sleigh, dog	the dog pull the sleigh down the hall
224	score, goal, ball	The girl kicked the soccer ball into the net and scored a goal.
225	phone, discuss, water, way, protect	The two friends discuss on the phone the best way to protect the computer from water.
226	shoot, bow, target, prepare, arrow	The boy prepared to shoot the bow and arrow at the target.
227	crowd, watch, dance, perform	A large crowd of people watching a young girl perform a dance.
228	wear, weld, gear	The man has to wear the right gear while welding.
230	cliff, jump, top	Th sad man got to the top of the cliff to jump off.
231	use, brush, hair, brush	I use a brush to brush my hair.
232	phone, break, ride, check, take	The man took a break and checked his phone before riding in his car.
233	audience, stage, guitar	A talented person with a guitar on the stage will amuse the audience.
234	couple, wait, line	A couple is waiting in line.
236	shirt, kid, look	A kid looks for a shirt.
237	foot, chair, sit, wash	as I sit in the chair, I washed the dirt off my left foot
238	draw, horse, carriage	The carriage is drawn by the horse.
239	talk, technique, demonstrate	The climbing instructor demonstrated how to use proper climbing technique, while talking about the sport as well.
240	build, mortar, brick, wall	A man is using bricks and mortar to build a wall.
243	hair, dry, lady, dryer	The lady used a dryer to dry her hair.
244	wave, board, fall, surfer	The surfer might fall off the board if he tries to ride a big wave.
245	ski, stand, snow	The man was standing in line to ski on the snow.
246	snow, clear, path	To clear a path, the snow needs to be shoveled.
249	wine, table, sit, drink	After a long day of work the women would sit at the table and drink a glass of wine.
250	beard, chair, sit	The man with a beard sat in the chair.
252	target, shoot, bow, arrow	The archer pulled on the bow shooting the arrow against the target butt.
254	rip, paper, piece, laugh	Ripping the piece of paper makes the boys laugh.
255	hold, stand, grass	The grass took hold of the ground when I moved to a new place to stand.
256	eat, toddler, chair	A toddler eating mushy food in a high chair.
257	design, piece, burn, wood, tool	A person uses a tool to burn a design onto a piece of wood.
261	hand, hold, fork, eat, spaghetti	A baby is holding a fork but then uses her hands to eat spaghetti.
262	dance, music, front, stage, audience	The audience joined on the front stage and danced to the music
263	sail, day, boat	The boat set sail that day.
264	horse, ride, river	horse riding on the river
265	press, machine, button, coin, insert	A man inserting coins into a machine and pressing the button.
267	mascara, demonstrate, eyelash, apply	The woman demonstrates how to apply mascara on the eyelashes.
268	wall, ground, hit, fall, throw	The girl throws the ball to hit the wall and fall on the ground.
269	object, wall, arch, window, stand	Woman stands behind an arched window in front of a wall of golden objects.
270	tool, pick, lock, use	Pick and use lock tool
271	tree, plant, ground, hole, dig	You must dig a deep hole in the ground to plant a tree.
272	hit, open, wall, bottle, shoe	A boy wearing red shoes drinks water opening a bottle and hits the wall using the empty bottle to hear the sounds.
273	hold, sit, tree	I sat at the base of the tree and held my book in front of me.
275	feed, goat, stand, fence, kid	Kids stand inside the fence and feed the goats.
276	walk, street, leash	I grabbed the leash to walk my dog across the street.
277	fire, juggle, stick, crowd, watch	A crowd had started to gather around the woman and her son as they watched a man dressed as a clown juggle three fire sticks on the side of the street.
278	tomato, cut, knife	A boy used a knife to cut the tomato.
280	watch, team, crowd	The crowd watched the team.
281	shuffle, deck, card, hold, hand	A person holding and shuffling a deck of cards in one hand
282	field, player, run, game	The players run off the field after the football game.
283	watch, crowd, volleyball, beach	I like to be in the crowd to watch volleyball at the beach
286	listen, music, exercise	A man exercises while listening to music.
287	wood, block, use, cut, tool	My grandpa uses tools to cut blocks of wood.
289	cover, background, mountain, walk, snow	We walk down the trail admiring the background of mountains covered in snow.
290	perform, wear, dance, stage, costume	She usually wears beautiful costume when performing a dance on stages.
291	class, sit, kid	A kid is sitting in math class.
292	hold, smile, sit	For a great picture hold sit and smile
293	dry, blow, hair, brush	I went to the hair salon and she blow dried my hair using a round barrel brush.
294	drink, glass, shirt, beer, wear	Man wearing glasses with a shirt drinks beer
296	stick, tongue, stand	brown bear sticking out its tongue while standing
297	microphone, sing, stage	The child held the microphone and sang on stage.
298	walk, costume, wear	holloween the kid wear costume and walk the street pick up candy
299	slide, wait, line	At the fair the boy had to wait in line to go down the slide.
300	pump, gas, station, car	The man pumps gas into his car at the station.
302	hold, gun, shoot, flag, stand	The man stands by a flag holds his gun and shoots.
303	use, comb, hair	I prefer to use the comb to detangle my hair.
304	front, stand, background	The girl wanted to stand in the front of the stage but was placed in the background.
305	lawn, blow, leave	The boy watches as the bubbles he blows leave his lawn.
306	shirt, object, hold, wear, hand	A boy wearing a red shirt holds an object in his hand and throws it forward.
307	cat, pet, couch	A pet cat likes to sleep on a couch.
308	front, crowd, compete	The crowd competed who will be in the front
309	performer, stage, perform	a performer is performing on the stage
310	float, river, tube	floating river on a tube
311	hockey, run, field	A boy runs across the field to get to the hockey game.
312	wait, come, owner, dog	The owner will wait for the dog to come.
314	ride, scooter, hill	the scooter ride better down hill
315	cart, store, push, help, toddler	The toddler helped push the cart around the store.
316	press, weight, gym	A man bench presses some weight at the gym.
317	wear, hat, drive	A man wearing a hat is driving a car.
318	sit, watermelon, eat, piece	I like to sit down and eat a big piece of watermelon.
320	fold, cardboard, shirt, piece	I will make a house out of cardboard. The boy will fold his laundry. A piece of cake is on the plate. The lady's shirt is red.
321	spaghetti, plate, eat	He ate from the plate of spaghetti.
322	rock, skip, kid	a kid doesn't like rock so he skips rock songs
323	game, basketball, pass, ball, team	A game of basketball being two teams as the ball is passed and tosses to and fro.
324	ground, hit, fall	I am afraid to fall on the ground especially because I might hit my head on a rock.
326	jump, water, lake	Dog jumping out of water in a lake.
327	branch, stand, tree	A bird standing on a branch of a tree.
328	dance, kid, music, sunglass, car	The kid gets out of the car wearing sunglasses and dances to the music blaring out of it.
329	pile, track, sand, run, jump	A man runs down a track and jumps into a pile of sand.
332	flip, mat, gymnast	A gymnast flips on a mat.
333	couple, skateboard, road, ride	The couple grabbed a skateboard so they could ride down the road.
334	balloon, couch, blow, sit	A little girl is sitting on a couch trying to blow up a balloon.
335	carry, walk, purse, front, building	Woman walks in front of building carrying purse close.
336	fence, bird, jump, mouth, dog	A hunting dog, with bird in mouth, jumps a fence
338	instrument, march, street	The band marched down the street with many instruments.
339	body, raft, water	We see his body on the raft as it drifts on the water.
340	fish, water, catch, pull	Someone catches a fish, and it is pulled out of the water.
342	sit, eat, bench, cream	We watched a group of guys sit down on a big bench and they all ate ice cream cones, then they all left.
343	audience, stage, guitar	Some men with guitars are on stage before a small audience.
345	cigarette, smoke, car	don't smoke cigarette in the car
346	dog, frisbee, hold	The dog holds the frisbee in it's mouth.
348	front, mirror, room	A cat in front of a mirror in a room.
349	climb, building, rope	A superhero uses a rope to climb a building.
350	wear, weld, gear	The girl wore the correct safety gear before starting to weld.
351	carry, walk, purse, front, building	A woman walks into the front door of a building carrying her purse.
352	river, catch, fish, net	The boy uses a net to catch fish in the river.
353	distance, throw, ball, stand	A boy is standing in his backyard and throws a ball in the distance.
354	ball, court, kid	The kid was playing with the ball on the court.
355	cut, style, hair	The sister cut some hair to style it for prom.
356	field, kick, football, goal	a person outside on the field kicking a football into a goal
357	track, dog, run, chase	A boy ran down the track while being chased by a dog.
358	yard, run, throw, balloon, kid	The neighbor gave the kid a balloon for running and throwing the dog toy back in the yard.
359	board, carry, water	Carry the glass of water and place it on the board.
361	pierce, chair, sit, ear	Maria sat down on the big chair and got her ear pierced.
363	fetch, ball, throw	A boy throws the ball and a dog fetches it.
364	wall, paint, stand	painting artist standing against a wall
366	machine, front, sew, sit	He would sit in front of the machine to sew a quilt.
367	hand, run, rinse, water, tap	The girl rinses her hands under the running tap water.
369	knock, lane, throw, pin, ball	Bowling is where you throw a ball down the lane and knock over pins.
372	leg, sit, floor	A boy folds his legs and sits on the floor.
373	throw, game, pitch	To start the game the pitcher will throw the pitch.
374	balloon, couch, blow, sit	A man sits on the couch and blows up the balloon.
375	jump, edge, pool	The children jumped off the edge of the pool.
376	hold, dog, tooth, air, rope	A dog holds the rope by its tooth and jumps in the air
377	stand, solve, eye, close, cube	While you stand, close your eye to solve the cube.
378	roast, turn, stick, fire, pig	To have a real pig roast, one will have to mount a pig on a stick and slowly turn it over a open flame fire.
379	leg, shave, watch	A man is shaving another mans leg and people watch.
380	ride, arena, horse, flag, carry	The man rides a horse and carries a flag in his hand as they go around the arena.
381	hand, wash, turn	The boy uses own to hand turn the button to wash the car,
382	bathroom, apply, stand, dye, hair	The young lady was standing in the bathroom applying the dye to her hair.
383	front, car, building	The boy parked the car in front of the building.
385	guitar, wear, sit	The boy with the guitar is sitting on a stool wearing a cap.
386	wear, ball, shirt, kick	A group of guys kicked a muddy soccer ball and my shirt and I had to go wear a new one.
388	front, stand, grass	The man was standing on the grass in his front yard.
389	kid, dance, stage	kids are dancing in the crowded stage.
391	deal, card, table, dealer, chip	At the poker table, the dealer deals the cards, the players bet their chips
392	car, park, snow	He parked his car in the snow.
393	look, distance, stand	Hunter stood on the sturdy stump to look into the distance.
396	hit, turn, ball	both men take turns hitting the ball.
397	pierce, chair, sit, ear	The girl pierces the man's ear while he sits on the chair.
398	drink, glass, shirt, beer, wear	The man wears a shirt whilst he drinks his glass of beer.
400	wear, cook, meat, shirt, grill	The man wears an old shirt while cooking meat on the grill.
401	bench, hat, sit, wear	Hat wearing man is sitting on the bench.
402	tree, talk, decorate	I love to talk with my family as we decorate our christmas tree.
403	eye, move, look	The eyes move to look around.
404	umbrella, hold, street, stand	A man stands by the street and holds an umbrella.
405	ball, hit, floor	The girl hits the ball, and it bounces off the floor.
406	beach, volleyball, bikini	A woman wearing a bikini plays volleyball on the beach.
408	smile, cigarette, smoke	The man smiles as he smokes his cigarette.
409	piece, paper, floor, sit	The puppy was taught to sit on the piece of paper on the floor.
410	audience, give, speech	I gave a speech to an audience full of children
412	sleep, car, seat	The baby slept in its seat in the car.
413	bronco, ride, rodeo, buck, cowboy	A cowboy rode a bucking bronco in the rodeo.
414	front, trick, perform, crowd	a man is performing in front of a crowd and does a trick.
415	lane, swim, cheer, pool	Children swim in a pool in their lanes while parents cheer them on.
416	pitcher, ball, pitch	The pitcher pitches the ball.
417	water, body, bridge	A woman found a body floating in the water under a bridge.
418	beer, bar, drink, sit	While sitting at a bar, an older man orders a beer to drink.
419	carry, stick, run, dog	The dog carried the stick and ran.
420	kitchen, sit, table	The grandmother sat in the kitchen and drank tea at the table.
421	brush, shave, hair, tooth, wash	The woman washed her hair, brushed her teeth, and shaved her legs.
422	bank, stand, cast, water, line	The man stands near the bank and casts a line into the water to catch fish.
424	band, stand, front	The band stood in front of the doors to the gym.
425	indoor, sunglass, wear	The girl wears her sunglasses indoors because the light is bright.
426	drive, snow, car	The car drove through the snow.
428	lie, table, massage, leg	A person massages a leg of a person who is lying on a table
429	ingredient, stir, pour, pot, begin	A person pours ingredients into a pot and begins to stir continuously.
431	hit, open, wall, bottle, shoe	The man could not open the bottle so the man threw his shoe and it hit the wall.
433	picture, groom, bride, take	The photographer took a picture of the bride and groom.
434	float, river, tube	Float down the river on a tube.
437	press, hand, hold, button, control	Two hands hold a small remote control and press a button on it.
438	vomit, cup, drink, take, drink	The man has been drinking too much, and when he takes another drink from the cup, he suddenly vomits.
439	cut, tool, piece	someone chipped away a piece of a stone cutting tool
440	bike, jump, fall, ride, ramp	A boy falls riding his bike when he tried to jump on a ramp.
441	picture, paint, lady	The lady paints a beautiful picture.
442	band, street, walk, march	A band marches down the street and walks away.
443	clean, window, brush	brushing the window to be clean
444	eat, bowl, dog, food	The little dog eats the food from his favorite bowl.
445	glass, take, put	Someone takes out her phone and puts on her glasses.
446	guitar, wear, sit	The guitar player sits on the stage and wears a fancy watch.
447	walk, look, house	Walk by the house and look at the door.
448	glass, beer, bar, pour	The bar man pours some beer into the girl's glass.
450	guitar, stool, sit	The man plays guitar as he sits on his tall stool
451	ball, catch, pitcher	The pitcher had to catch the ball so he could tag the player out.
454	eat, table, family, dinner, sit	Our family enjoyed sitting around the table enjoying eating dinner together.
455	perform, wear, dance, stage, costume	A group of young men and women wearing costumes perform a dance on stage.
456	kitchen, dough, roll	The woman went into the kitchen to roll out the dough for the biscuits.
457	smile, piano, hit, key, sit	A girl sits and smiles while hitting keys on a piano
459	circle, throw, ball, hold, turn	The children took it in turn to hold and throw the ball around the circle.
460	front, stand, equipment	the team stands in front of their equipment .
461	water, boat, dock	The boat in the water was docked near the pier.
463	performer, stage, perform	The performer performs very nicely and wisely using the complete stage and gets the applause of the audience.
464	attach, climb, tree, rope	A man climbs with a rope attached to a tree
465	street, walk, flag, hold	The man walked down the street holding the flag high for all to see.
467	room, beer, drink	A man drinks a can of beer in his room.
468	cross, stand, wait, street	A boy standing on cross street and waiting for taxi
471	wear, vehicle, ride	Two people are riding in a vehicle while wearing helmets.
472	hold, cut, saw, piece, wood	A carpenter was holding a piece of wood while cutting it with a saw.
474	ski, stand, snow	A guy stands on skis in the snow.
475	machine, front, sew, sit	The teenager will sit at the front of the machine to sew.
476	boat, float, river	The boat will float on the river
478	pot, butter, add, egg, crack	The woman adds butter before she cracks eggs into the pot.
480	toilet, brush, use, clean	A man uses a toilet brush to thoroughly clean a toilet.
481	watch, television, couch, sit, dog	The girl's dog sat on the couch while she watched television.
482	sit, front, building, stand, bench	People stand and sit on a bench in front of a building with graffiti
486	wall, wear, shirt, climb	A man wearing a blue shirt climbs a rock wall.
488	work, piece, wheel, pottery	This piece of pottery was worked on the wheel at the studio.
489	cut, knife, kitchen	I cut the meat with a knife in the kitchen.
490	hole, ball, golfer	A golfer putts a ball into a hole.
491	perform, outfit, stage, wear	The actress wore the most beautiful outfit to perform her solo on the main stage.
492	policeman, traffic, direct	A policeman is directing traffic.
493	couple, ride, street	couple ride a motorbike on the streets
494	kid, board, pool, jump	The kid will jump into the pool off the diving board.
496	practice, goal, goalie, move, protect	The goalie practices a new move to protect the net to keep the other team from scoring a goal.
497	sit, helmet, motorcycle, wear	a person wearing a helmet sitting on a motorcycle
501	hold, sharpener, hand, pencil, sharpen	A boy holds a pencil in his hands and sharpens it with a sharpener.
502	ice, cut, chainsaw, block	The ice sculpture artist started cutting his ice block with the chainsaw.
503	alligator, mouth, hold, sit, top	An alligator will hold a banana that will sit on top of his mouth for two minutes before consuming it.
506	sit, helmet, motorcycle, wear	she wears a helmet & sits on the motorcycle.
508	hockey, rink, team	The team plays hockey on the rink.
509	face, stick, say, laugh, foot	The man said he laughed when he tripped over my foot that was sticking out and fell on his face.
510	card, dealer, table	The dealer lays the last cards onto the table.
